{
  "cronbach_alpha": 0.9688204904717937,
  "cronbach_alpha_by_group": {
    "Gen X": 0.9604241082931249,
    "Millennials": 0.9568367967338085,
    "Gen Z": 0.9534947774547375
  },
  "average_inter_item_correlation": 0.7565487960530562,
  "descriptive_stats": {
    "count": {
      "Gen X": 400,
      "Gen Z": 400,
      "Millennials": 400
    },
    "mean": {
      "Gen X": 3.408,
      "Gen Z": 4.18975,
      "Millennials": 3.883
    },
    "std": {
      "Gen X": 0.5731992615868493,
      "Gen Z": 0.48036111885880006,
      "Millennials": 0.5289238139869543
    }
  },
  "shapiro_residuals": {
    "W": 0.9918148253481119,
    "p": 3.2542426033607308e-06
  },
  "levene": {
    "F": 11.827923419091183,
    "p": 8.190255533904867e-06,
    "ratio": 1.4238870790847737
  },
  "anova": {
    "F": 221.87889373766333,
    "p": 1.0845041108898053e-82,
    "df_between": 2,
    "df_within": 1197,
    "eta_squared": 0.27045904694936557,
    "SS_between": 124.11381666666662,
    "SS_residual": 334.786775,
    "SS_total": 458.9005916666666
  },
  "kruskal_wallis": {
    "H": 340.6417094476579,
    "p": 1.0729825038924865e-74
  }
}